"approach","sensitivity","specificity","ppv","accuracy"
"Universal",0.891304347826087,0.393162393162393,0.535947712418301,0.61244019138756
"Stratified",0.760869565217391,0.692307692307692,0.660377358490566,0.722488038277512
